{
"records": [
{
  "startdate": "17.05.+292275056",
  "startversion": 27508,
  "created": "2023-02-10T18:15:16",
  "code": "1",
  "name": "1",
  "data": {
    "FED": "6",
    "ID": 1,
    "STATUS": "Республика",
    "OKATO_5": "79000",
    "SUBJECT": "Республика Адыгея (Адыгея)",
    "SYNONYM": "Республика Адыгея; Адыгея",
    "CODE_FNS": "01",
    "CODE_OKATO": "79"
  }
},
{
  "startdate": "17.05.+292275056",
  "startversion": 27508,
  "created": "2023-02-10T18:15:16",
  "code": "2",
  "name": "2",
  "data": {
    "FED": "3",
    "ID": 2,
    "STATUS": "Республика",
    "OKATO_5": "80000",
    "SUBJECT": "Республика Башкортостан",
    "SYNONYM": "Республика Башкортостан",
    "CODE_FNS": "02",
    "CODE_OKATO": "80"
  }
},
{
  "startdate": "17.05.+292275056",
  "startversion": 27508,
  "created": "2023-02-10T18:15:16",
  "code": "3",
  "name": "3",
  "data": {
    "FED": "8",
    "ID": 3,
    "STATUS": "Республика",
    "OKATO_5": "81000",
    "SUBJECT": "Республика Бурятия",
    "SYNONYM": "Республика Бурятия",
    "CODE_FNS": "03",
    "CODE_OKATO": "81"
  }
},
{
  "startdate": "17.05.+292275056",
  "startversion": 27508,
  "created": "2023-02-10T18:15:16",
  "code": "4",
  "name": "4",
  "data": {
    "FED": "7",
    "ID": 4,
    "STATUS": "Республика",
    "OKATO_5": "84000",
    "SUBJECT": "Республика Алтай",
    "SYNONYM": "Республика Алтай",
    "CODE_FNS": "04",
    "CODE_OKATO": "84"
  }
},
{
  "startdate": "17.05.+292275056",
  "startversion": 27508,
  "created": "2023-02-10T18:15:16",
  "code": "5",
  "name": "5",
  "data": {
    "FED": "5",
    "ID": 5,
    "STATUS": "Республика",
    "OKATO_5": "82000",
    "SUBJECT": "Республика Дагестан",
    "SYNONYM": "Республика Дагестан",
    "CODE_FNS": "05",
    "CODE_OKATO": "82"
  }
},
{
  "startdate": "17.05.+292275056",
  "startversion": 27508,
  "created": "2023-02-10T18:15:16",
  "code": "6",
  "name": "6",
  "data": {
    "FED": "5",
    "ID": 6,
    "STATUS": "Республика",
    "OKATO_5": "26000",
    "SUBJECT": "Республика Ингушетия",
    "SYNONYM": "Республика Ингушетия",
    "CODE_FNS": "06",
    "CODE_OKATO": "26"
  }
},
{
  "startdate": "17.05.+292275056",
  "startversion": 27508,
  "created": "2023-02-10T18:15:16",
  "code": "7",
  "name": "7",
  "data": {
    "FED": "5",
    "ID": 7,
    "STATUS": "Республика",
    "OKATO_5": "83000",
    "SUBJECT": "Кабардино-Балкарская Республика",
    "SYNONYM": "Кабардино-Балкарская Республика",
    "CODE_FNS": "07",
    "CODE_OKATO": "83"
  }
},
{
  "startdate": "17.05.+292275056",
  "startversion": 27508,
  "created": "2023-02-10T18:15:16",
  "code": "8",
  "name": "8",
  "data": {
    "FED": "6",
    "ID": 8,
    "STATUS": "Республика",
    "OKATO_5": "85000",
    "SUBJECT": "Республика Калмыкия",
    "SYNONYM": "Республика Калмыкия",
    "CODE_FNS": "08",
    "CODE_OKATO": "85"
  }
},
{
  "startdate": "17.05.+292275056",
  "startversion": 27508,
  "created": "2023-02-10T18:15:16",
  "code": "9",
  "name": "9",
  "data": {
    "FED": "5",
    "ID": 9,
    "STATUS": "Республика",
    "OKATO_5": "91000",
    "SUBJECT": "Карачаево-Черкесская Республика",
    "SYNONYM": "Карачаево-Черкесская Республика",
    "CODE_FNS": "09",
    "CODE_OKATO": "91"
  }
},
{
  "startdate": "17.05.+292275056",
  "startversion": 27508,
  "created": "2023-02-10T18:15:16",
  "code": "10",
  "name": "10",
  "data": {
    "FED": "2",
    "ID": 10,
    "STATUS": "Республика",
    "OKATO_5": "86000",
    "SUBJECT": "Республика Карелия",
    "SYNONYM": "Республика Карелия",
    "CODE_FNS": "10",
    "CODE_OKATO": "86"
  }
},
{
  "startdate": "17.05.+292275056",
  "startversion": 27508,
  "created": "2023-02-10T18:15:16",
  "code": "11",
  "name": "11",
  "data": {
    "FED": "2",
    "ID": 11,
    "STATUS": "Республика",
    "OKATO_5": "87000",
    "SUBJECT": "Республика Коми",
    "SYNONYM": "Республика Коми",
    "CODE_FNS": "11",
    "CODE_OKATO": "87"
  }
},
{
  "startdate": "17.05.+292275056",
  "startversion": 27508,
  "created": "2023-02-10T18:15:16",
  "code": "12",
  "name": "12",
  "data": {
    "FED": "3",
    "ID": 12,
    "STATUS": "Республика",
    "OKATO_5": "88000",
    "SUBJECT": "Республика Марий Эл",
    "SYNONYM": "Республика Марий Эл",
    "CODE_FNS": "12",
    "CODE_OKATO": "88"
  }
},
{
  "startdate": "17.05.+292275056",
  "startversion": 27508,
  "created": "2023-02-10T18:15:16",
  "code": "13",
  "name": "13",
  "data": {
    "FED": "3",
    "ID": 13,
    "STATUS": "Республика",
    "OKATO_5": "89000",
    "SUBJECT": "Республика Мордовия",
    "SYNONYM": "Республика Мордовия",
    "CODE_FNS": "13",
    "CODE_OKATO": "89"
  }
},
{
  "startdate": "17.05.+292275056",
  "startversion": 27508,
  "created": "2023-02-10T18:15:16",
  "code": "14",
  "name": "14",
  "data": {
    "FED": "8",
    "ID": 14,
    "STATUS": "Республика",
    "OKATO_5": "98000",
    "SUBJECT": "Республика Саха (Якутия)",
    "SYNONYM": "Республика Саха; Якутия",
    "CODE_FNS": "14",
    "CODE_OKATO": "98"
  }
},
{
  "startdate": "17.05.+292275056",
  "startversion": 27508,
  "created": "2023-02-10T18:15:16",
  "code": "15",
  "name": "15",
  "data": {
    "FED": "5",
    "ID": 15,
    "STATUS": "Республика",
    "OKATO_5": "90000",
    "SUBJECT": "Республика Северная Осетия - Алания",
    "SYNONYM": "Республика Северная Осетия; Алания",
    "CODE_FNS": "15",
    "CODE_OKATO": "90"
  }
},
{
  "startdate": "17.05.+292275056",
  "startversion": 27508,
  "created": "2023-02-10T18:15:16",
  "code": "16",
  "name": "16",
  "data": {
    "FED": "3",
    "ID": 16,
    "STATUS": "Республика",
    "OKATO_5": "92000",
    "SUBJECT": "Республика Татарстан (Татарстан)",
    "SYNONYM": "Республика Татарстан; Татарстан",
    "CODE_FNS": "16",
    "CODE_OKATO": "92"
  }
},
{
  "startdate": "17.05.+292275056",
  "startversion": 27508,
  "created": "2023-02-10T18:15:16",
  "code": "17",
  "name": "17",
  "data": {
    "FED": "7",
    "ID": 17,
    "STATUS": "Республика",
    "OKATO_5": "93000",
    "SUBJECT": "Республика Тыва",
    "SYNONYM": "Республика Тыва",
    "CODE_FNS": "17",
    "CODE_OKATO": "93"
  }
},
{
  "startdate": "17.05.+292275056",
  "startversion": 27508,
  "created": "2023-02-10T18:15:16",
  "code": "18",
  "name": "18",
  "data": {
    "FED": "3",
    "ID": 18,
    "STATUS": "Республика",
    "OKATO_5": "94000",
    "SUBJECT": "Удмуртская Республика",
    "SYNONYM": "Удмуртская Республика",
    "CODE_FNS": "18",
    "CODE_OKATO": "94"
  }
},
{
  "startdate": "17.05.+292275056",
  "startversion": 27508,
  "created": "2023-02-10T18:15:16",
  "code": "19",
  "name": "19",
  "data": {
    "FED": "7",
    "ID": 19,
    "STATUS": "Республика",
    "OKATO_5": "95000",
    "SUBJECT": "Республика Хакасия",
    "SYNONYM": "Республика Хакасия",
    "CODE_FNS": "19",
    "CODE_OKATO": "95"
  }
},
{
  "startdate": "17.05.+292275056",
  "startversion": 27508,
  "created": "2023-02-10T18:15:16",
  "code": "20",
  "name": "20",
  "data": {
    "FED": "5",
    "ID": 20,
    "STATUS": "Республика",
    "OKATO_5": "96000",
    "SUBJECT": "Чеченская Республика",
    "SYNONYM": "Чеченская Республика",
    "CODE_FNS": "20",
    "CODE_OKATO": "96"
  }
},
{
  "startdate": "17.05.+292275056",
  "startversion": 27508,
  "created": "2023-02-10T18:15:16",
  "code": "21",
  "name": "21",
  "data": {
    "FED": "3",
    "ID": 21,
    "STATUS": "Республика",
    "OKATO_5": "97000",
    "SUBJECT": "Чувашская Республика - Чувашия",
    "SYNONYM": "Чувашская Республика; Чувашия",
    "CODE_FNS": "21",
    "CODE_OKATO": "97"
  }
},
{
  "startdate": "17.05.+292275056",
  "startversion": 27508,
  "created": "2023-02-10T18:15:16",
  "code": "22",
  "name": "22",
  "data": {
    "FED": "7",
    "ID": 22,
    "STATUS": "Край",
    "OKATO_5": "01000",
    "SUBJECT": "Алтайский край",
    "SYNONYM": "Алтайский край",
    "CODE_FNS": "22",
    "CODE_OKATO": "01"
  }
},
{
  "startdate": "17.05.+292275056",
  "startversion": 27508,
  "created": "2023-02-10T18:15:16",
  "code": "23",
  "name": "23",
  "data": {
    "FED": "6",
    "ID": 23,
    "STATUS": "Край",
    "OKATO_5": "03000",
    "SUBJECT": "Краснодарский край",
    "SYNONYM": "Краснодарский край",
    "CODE_FNS": "23",
    "CODE_OKATO": "03"
  }
},
{
  "startdate": "17.05.+292275056",
  "startversion": 27508,
  "created": "2023-02-10T18:15:16",
  "code": "24",
  "name": "24",
  "data": {
    "FED": "7",
    "ID": 24,
    "STATUS": "Край",
    "OKATO_5": "04000",
    "SUBJECT": "Красноярский край",
    "SYNONYM": "Красноярский край",
    "CODE_FNS": "24",
    "CODE_OKATO": "04"
  }
},
{
  "startdate": "17.05.+292275056",
  "startversion": 27508,
  "created": "2023-02-10T18:15:16",
  "code": "25",
  "name": "25",
  "data": {
    "FED": "8",
    "ID": 25,
    "STATUS": "Край",
    "OKATO_5": "05000",
    "SUBJECT": "Приморский край",
    "SYNONYM": "Приморский край",
    "CODE_FNS": "25",
    "CODE_OKATO": "05"
  }
},
{
  "startdate": "17.05.+292275056",
  "startversion": 27508,
  "created": "2023-02-10T18:15:16",
  "code": "26",
  "name": "26",
  "data": {
    "FED": "5",
    "ID": 26,
    "STATUS": "Край",
    "OKATO_5": "07000",
    "SUBJECT": "Ставропольский край",
    "SYNONYM": "Ставропольский край",
    "CODE_FNS": "26",
    "CODE_OKATO": "07"
  }
},
{
  "startdate": "17.05.+292275056",
  "startversion": 27508,
  "created": "2023-02-10T18:15:16",
  "code": "27",
  "name": "27",
  "data": {
    "FED": "8",
    "ID": 27,
    "STATUS": "Край",
    "OKATO_5": "08000",
    "SUBJECT": "Хабаровский край",
    "SYNONYM": "Хабаровский край",
    "CODE_FNS": "27",
    "CODE_OKATO": "08"
  }
},
{
  "startdate": "17.05.+292275056",
  "startversion": 27508,
  "created": "2023-02-10T18:15:16",
  "code": "28",
  "name": "28",
  "data": {
    "FED": "8",
    "ID": 28,
    "STATUS": "Область",
    "OKATO_5": "10000",
    "SUBJECT": "Амурская область",
    "SYNONYM": "Амурская область",
    "CODE_FNS": "28",
    "CODE_OKATO": "10"
  }
},
{
  "startdate": "17.05.+292275056",
  "startversion": 27508,
  "created": "2023-02-10T18:15:16",
  "code": "29",
  "name": "29",
  "data": {
    "FED": "2",
    "ID": 29,
    "STATUS": "Область",
    "OKATO_5": "11000",
    "SUBJECT": "Архангельская область",
    "SYNONYM": "Архангельская область",
    "CODE_FNS": "29",
    "CODE_OKATO": "11"
  }
},
{
  "startdate": "17.05.+292275056",
  "startversion": 27508,
  "created": "2023-02-10T18:15:16",
  "code": "30",
  "name": "30",
  "data": {
    "FED": "6",
    "ID": 30,
    "STATUS": "Область",
    "OKATO_5": "12000",
    "SUBJECT": "Астраханская область",
    "SYNONYM": "Астраханская область",
    "CODE_FNS": "30",
    "CODE_OKATO": "12"
  }
},
{
  "startdate": "17.05.+292275056",
  "startversion": 27508,
  "created": "2023-02-10T18:15:16",
  "code": "31",
  "name": "31",
  "data": {
    "FED": "1",
    "ID": 31,
    "STATUS": "Область",
    "OKATO_5": "14000",
    "SUBJECT": "Белгородская область",
    "SYNONYM": "Белгородская область",
    "CODE_FNS": "31",
    "CODE_OKATO": "14"
  }
},
{
  "startdate": "17.05.+292275056",
  "startversion": 27508,
  "created": "2023-02-10T18:15:16",
  "code": "32",
  "name": "32",
  "data": {
    "FED": "1",
    "ID": 32,
    "STATUS": "Область",
    "OKATO_5": "15000",
    "SUBJECT": "Брянская область",
    "SYNONYM": "Брянская область",
    "CODE_FNS": "32",
    "CODE_OKATO": "15"
  }
},
{
  "startdate": "17.05.+292275056",
  "startversion": 27508,
  "created": "2023-02-10T18:15:16",
  "code": "33",
  "name": "33",
  "data": {
    "FED": "1",
    "ID": 33,
    "STATUS": "Область",
    "OKATO_5": "17000",
    "SUBJECT": "Владимирская область",
    "SYNONYM": "Владимирская область",
    "CODE_FNS": "33",
    "CODE_OKATO": "17"
  }
},
{
  "startdate": "17.05.+292275056",
  "startversion": 27508,
  "created": "2023-02-10T18:15:16",
  "code": "34",
  "name": "34",
  "data": {
    "FED": "6",
    "ID": 34,
    "STATUS": "Область",
    "OKATO_5": "18000",
    "SUBJECT": "Волгоградская область",
    "SYNONYM": "Волгоградская область",
    "CODE_FNS": "34",
    "CODE_OKATO": "18"
  }
},
{
  "startdate": "17.05.+292275056",
  "startversion": 27508,
  "created": "2023-02-10T18:15:16",
  "code": "35",
  "name": "35",
  "data": {
    "FED": "2",
    "ID": 35,
    "STATUS": "Область",
    "OKATO_5": "19000",
    "SUBJECT": "Вологодская область",
    "SYNONYM": "Вологодская область",
    "CODE_FNS": "35",
    "CODE_OKATO": "19"
  }
},
{
  "startdate": "17.05.+292275056",
  "startversion": 27508,
  "created": "2023-02-10T18:15:16",
  "code": "36",
  "name": "36",
  "data": {
    "FED": "1",
    "ID": 36,
    "STATUS": "Область",
    "OKATO_5": "20000",
    "SUBJECT": "Воронежская область",
    "SYNONYM": "Воронежская область",
    "CODE_FNS": "36",
    "CODE_OKATO": "20"
  }
},
{
  "startdate": "17.05.+292275056",
  "startversion": 27508,
  "created": "2023-02-10T18:15:16",
  "code": "37",
  "name": "37",
  "data": {
    "FED": "1",
    "ID": 37,
    "STATUS": "Область",
    "OKATO_5": "24000",
    "SUBJECT": "Ивановская область",
    "SYNONYM": "Ивановская область",
    "CODE_FNS": "37",
    "CODE_OKATO": "24"
  }
},
{
  "startdate": "17.05.+292275056",
  "startversion": 27508,
  "created": "2023-02-10T18:15:16",
  "code": "38",
  "name": "38",
  "data": {
    "FED": "7",
    "ID": 38,
    "STATUS": "Область",
    "OKATO_5": "25000",
    "SUBJECT": "Иркутская область",
    "SYNONYM": "Иркутская область",
    "CODE_FNS": "38",
    "CODE_OKATO": "25"
  }
},
{
  "startdate": "17.05.+292275056",
  "startversion": 27508,
  "created": "2023-02-10T18:15:16",
  "code": "39",
  "name": "39",
  "data": {
    "FED": "2",
    "ID": 39,
    "STATUS": "Область",
    "OKATO_5": "27000",
    "SUBJECT": "Калининградская область",
    "SYNONYM": "Калининградская область",
    "CODE_FNS": "39",
    "CODE_OKATO": "27"
  }
},
{
  "startdate": "17.05.+292275056",
  "startversion": 27508,
  "created": "2023-02-10T18:15:16",
  "code": "40",
  "name": "40",
  "data": {
    "FED": "1",
    "ID": 40,
    "STATUS": "Область",
    "OKATO_5": "29000",
    "SUBJECT": "Калужская область",
    "SYNONYM": "Калужская область",
    "CODE_FNS": "40",
    "CODE_OKATO": "29"
  }
},
{
  "startdate": "17.05.+292275056",
  "startversion": 27508,
  "created": "2023-02-10T18:15:16",
  "code": "41",
  "name": "41",
  "data": {
    "FED": "8",
    "ID": 41,
    "STATUS": "Край",
    "OKATO_5": "30000",
    "SUBJECT": "Камчатский край",
    "SYNONYM": "Камчатский край",
    "CODE_FNS": "41",
    "CODE_OKATO": "30"
  }
},
{
  "startdate": "17.05.+292275056",
  "startversion": 27508,
  "created": "2023-02-10T18:15:16",
  "code": "42",
  "name": "42",
  "data": {
    "FED": "7",
    "ID": 42,
    "STATUS": "Область",
    "OKATO_5": "32000",
    "SUBJECT": "Кемеровская область",
    "SYNONYM": "Кемеровская область - Кузбасс; Кемеровская область; Кузбасс",
    "CODE_FNS": "42",
    "CODE_OKATO": "32"
  }
},
{
  "startdate": "17.05.+292275056",
  "startversion": 27508,
  "created": "2023-02-10T18:15:16",
  "code": "43",
  "name": "43",
  "data": {
    "FED": "3",
    "ID": 43,
    "STATUS": "Область",
    "OKATO_5": "33000",
    "SUBJECT": "Кировская область",
    "SYNONYM": "Кировская область",
    "CODE_FNS": "43",
    "CODE_OKATO": "33"
  }
},
{
  "startdate": "17.05.+292275056",
  "startversion": 27508,
  "created": "2023-02-10T18:15:16",
  "code": "44",
  "name": "44",
  "data": {
    "FED": "1",
    "ID": 44,
    "STATUS": "Область",
    "OKATO_5": "34000",
    "SUBJECT": "Костромская область",
    "SYNONYM": "Костромская область",
    "CODE_FNS": "44",
    "CODE_OKATO": "34"
  }
},
{
  "startdate": "17.05.+292275056",
  "startversion": 27508,
  "created": "2023-02-10T18:15:16",
  "code": "45",
  "name": "45",
  "data": {
    "FED": "4",
    "ID": 45,
    "STATUS": "Область",
    "OKATO_5": "37000",
    "SUBJECT": "Курганская область",
    "SYNONYM": "Курганская область",
    "CODE_FNS": "45",
    "CODE_OKATO": "37"
  }
},
{
  "startdate": "17.05.+292275056",
  "startversion": 27508,
  "created": "2023-02-10T18:15:16",
  "code": "46",
  "name": "46",
  "data": {
    "FED": "1",
    "ID": 46,
    "STATUS": "Область",
    "OKATO_5": "38000",
    "SUBJECT": "Курская область",
    "SYNONYM": "Курская область",
    "CODE_FNS": "46",
    "CODE_OKATO": "38"
  }
},
{
  "startdate": "17.05.+292275056",
  "startversion": 27508,
  "created": "2023-02-10T18:15:16",
  "code": "47",
  "name": "47",
  "data": {
    "FED": "2",
    "ID": 47,
    "STATUS": "Область",
    "OKATO_5": "41000",
    "SUBJECT": "Ленинградская область",
    "SYNONYM": "Ленинградская область",
    "CODE_FNS": "47",
    "CODE_OKATO": "41"
  }
},
{
  "startdate": "17.05.+292275056",
  "startversion": 27508,
  "created": "2023-02-10T18:15:16",
  "code": "48",
  "name": "48",
  "data": {
    "FED": "1",
    "ID": 48,
    "STATUS": "Область",
    "OKATO_5": "42000",
    "SUBJECT": "Липецкая область",
    "SYNONYM": "Липецкая область",
    "CODE_FNS": "48",
    "CODE_OKATO": "42"
  }
},
{
  "startdate": "17.05.+292275056",
  "startversion": 27508,
  "created": "2023-02-10T18:15:16",
  "code": "49",
  "name": "49",
  "data": {
    "FED": "8",
    "ID": 49,
    "STATUS": "Область",
    "OKATO_5": "44000",
    "SUBJECT": "Магаданская область",
    "SYNONYM": "Магаданская область",
    "CODE_FNS": "49",
    "CODE_OKATO": "44"
  }
},
{
  "startdate": "17.05.+292275056",
  "startversion": 27508,
  "created": "2023-02-10T18:15:16",
  "code": "50",
  "name": "50",
  "data": {
    "FED": "1",
    "ID": 50,
    "STATUS": "Область",
    "OKATO_5": "46000",
    "SUBJECT": "Московская область",
    "SYNONYM": "Московская область",
    "CODE_FNS": "50",
    "CODE_OKATO": "46"
  }
},
{
  "startdate": "17.05.+292275056",
  "startversion": 27508,
  "created": "2023-02-10T18:15:16",
  "code": "51",
  "name": "51",
  "data": {
    "FED": "2",
    "ID": 51,
    "STATUS": "Область",
    "OKATO_5": "47000",
    "SUBJECT": "Мурманская область",
    "SYNONYM": "Мурманская область",
    "CODE_FNS": "51",
    "CODE_OKATO": "47"
  }
},
{
  "startdate": "17.05.+292275056",
  "startversion": 27508,
  "created": "2023-02-10T18:15:16",
  "code": "52",
  "name": "52",
  "data": {
    "FED": "3",
    "ID": 52,
    "STATUS": "Область",
    "OKATO_5": "22000",
    "SUBJECT": "Нижегородская область",
    "SYNONYM": "Нижегородская область",
    "CODE_FNS": "52",
    "CODE_OKATO": "22"
  }
},
{
  "startdate": "17.05.+292275056",
  "startversion": 27508,
  "created": "2023-02-10T18:15:16",
  "code": "53",
  "name": "53",
  "data": {
    "FED": "2",
    "ID": 53,
    "STATUS": "Область",
    "OKATO_5": "49000",
    "SUBJECT": "Новгородская область",
    "SYNONYM": "Новгородская область",
    "CODE_FNS": "53",
    "CODE_OKATO": "49"
  }
},
{
  "startdate": "17.05.+292275056",
  "startversion": 27508,
  "created": "2023-02-10T18:15:16",
  "code": "54",
  "name": "54",
  "data": {
    "FED": "7",
    "ID": 54,
    "STATUS": "Область",
    "OKATO_5": "50000",
    "SUBJECT": "Новосибирская область",
    "SYNONYM": "Новосибирская область",
    "CODE_FNS": "54",
    "CODE_OKATO": "50"
  }
},
{
  "startdate": "17.05.+292275056",
  "startversion": 27508,
  "created": "2023-02-10T18:15:16",
  "code": "55",
  "name": "55",
  "data": {
    "FED": "7",
    "ID": 55,
    "STATUS": "Область",
    "OKATO_5": "52000",
    "SUBJECT": "Омская область",
    "SYNONYM": "Омская область",
    "CODE_FNS": "55",
    "CODE_OKATO": "52"
  }
},
{
  "startdate": "17.05.+292275056",
  "startversion": 27508,
  "created": "2023-02-10T18:15:16",
  "code": "56",
  "name": "56",
  "data": {
    "FED": "3",
    "ID": 56,
    "STATUS": "Область",
    "OKATO_5": "53000",
    "SUBJECT": "Оренбургская область",
    "SYNONYM": "Оренбургская область",
    "CODE_FNS": "56",
    "CODE_OKATO": "53"
  }
},
{
  "startdate": "17.05.+292275056",
  "startversion": 27508,
  "created": "2023-02-10T18:15:16",
  "code": "57",
  "name": "57",
  "data": {
    "FED": "1",
    "ID": 57,
    "STATUS": "Область",
    "OKATO_5": "54000",
    "SUBJECT": "Орловская область",
    "SYNONYM": "Орловская область",
    "CODE_FNS": "57",
    "CODE_OKATO": "54"
  }
},
{
  "startdate": "17.05.+292275056",
  "startversion": 27508,
  "created": "2023-02-10T18:15:16",
  "code": "58",
  "name": "58",
  "data": {
    "FED": "3",
    "ID": 58,
    "STATUS": "Область",
    "OKATO_5": "56000",
    "SUBJECT": "Пензенская область",
    "SYNONYM": "Пензенская область",
    "CODE_FNS": "58",
    "CODE_OKATO": "56"
  }
},
{
  "startdate": "17.05.+292275056",
  "startversion": 27508,
  "created": "2023-02-10T18:15:16",
  "code": "59",
  "name": "59",
  "data": {
    "FED": "3",
    "ID": 59,
    "STATUS": "Край",
    "OKATO_5": "57000",
    "SUBJECT": "Пермский край",
    "SYNONYM": "Пермский край",
    "CODE_FNS": "59",
    "CODE_OKATO": "57"
  }
},
{
  "startdate": "17.05.+292275056",
  "startversion": 27508,
  "created": "2023-02-10T18:15:16",
  "code": "60",
  "name": "60",
  "data": {
    "FED": "2",
    "ID": 60,
    "STATUS": "Область",
    "OKATO_5": "58000",
    "SUBJECT": "Псковская область",
    "SYNONYM": "Псковская область",
    "CODE_FNS": "60",
    "CODE_OKATO": "58"
  }
},
{
  "startdate": "17.05.+292275056",
  "startversion": 27508,
  "created": "2023-02-10T18:15:16",
  "code": "61",
  "name": "61",
  "data": {
    "FED": "6",
    "ID": 61,
    "STATUS": "Область",
    "OKATO_5": "60000",
    "SUBJECT": "Ростовская область",
    "SYNONYM": "Ростовская область",
    "CODE_FNS": "61",
    "CODE_OKATO": "60"
  }
},
{
  "startdate": "17.05.+292275056",
  "startversion": 27508,
  "created": "2023-02-10T18:15:16",
  "code": "62",
  "name": "62",
  "data": {
    "FED": "1",
    "ID": 62,
    "STATUS": "Область",
    "OKATO_5": "61000",
    "SUBJECT": "Рязанская область",
    "SYNONYM": "Рязанская область",
    "CODE_FNS": "62",
    "CODE_OKATO": "61"
  }
},
{
  "startdate": "17.05.+292275056",
  "startversion": 27508,
  "created": "2023-02-10T18:15:16",
  "code": "63",
  "name": "63",
  "data": {
    "FED": "3",
    "ID": 63,
    "STATUS": "Область",
    "OKATO_5": "36000",
    "SUBJECT": "Самарская область",
    "SYNONYM": "Самарская область",
    "CODE_FNS": "63",
    "CODE_OKATO": "36"
  }
},
{
  "startdate": "17.05.+292275056",
  "startversion": 27508,
  "created": "2023-02-10T18:15:16",
  "code": "64",
  "name": "64",
  "data": {
    "FED": "3",
    "ID": 64,
    "STATUS": "Область",
    "OKATO_5": "63000",
    "SUBJECT": "Саратовская область",
    "SYNONYM": "Саратовская область",
    "CODE_FNS": "64",
    "CODE_OKATO": "63"
  }
},
{
  "startdate": "17.05.+292275056",
  "startversion": 27508,
  "created": "2023-02-10T18:15:16",
  "code": "65",
  "name": "65",
  "data": {
    "FED": "8",
    "ID": 65,
    "STATUS": "Область",
    "OKATO_5": "64000",
    "SUBJECT": "Сахалинская область",
    "SYNONYM": "Сахалинская область",
    "CODE_FNS": "65",
    "CODE_OKATO": "64"
  }
},
{
  "startdate": "17.05.+292275056",
  "startversion": 27508,
  "created": "2023-02-10T18:15:16",
  "code": "66",
  "name": "66",
  "data": {
    "FED": "4",
    "ID": 66,
    "STATUS": "Область",
    "OKATO_5": "65000",
    "SUBJECT": "Свердловская область",
    "SYNONYM": "Свердловская область",
    "CODE_FNS": "66",
    "CODE_OKATO": "65"
  }
},
{
  "startdate": "17.05.+292275056",
  "startversion": 27508,
  "created": "2023-02-10T18:15:16",
  "code": "67",
  "name": "67",
  "data": {
    "FED": "1",
    "ID": 67,
    "STATUS": "Область",
    "OKATO_5": "66000",
    "SUBJECT": "Смоленская область",
    "SYNONYM": "Смоленская область",
    "CODE_FNS": "67",
    "CODE_OKATO": "66"
  }
},
{
  "startdate": "17.05.+292275056",
  "startversion": 27508,
  "created": "2023-02-10T18:15:16",
  "code": "68",
  "name": "68",
  "data": {
    "FED": "1",
    "ID": 68,
    "STATUS": "Область",
    "OKATO_5": "68000",
    "SUBJECT": "Тамбовская область",
    "SYNONYM": "Тамбовская область",
    "CODE_FNS": "68",
    "CODE_OKATO": "68"
  }
},
{
  "startdate": "17.05.+292275056",
  "startversion": 27508,
  "created": "2023-02-10T18:15:16",
  "code": "69",
  "name": "69",
  "data": {
    "FED": "1",
    "ID": 69,
    "STATUS": "Область",
    "OKATO_5": "28000",
    "SUBJECT": "Тверская область",
    "SYNONYM": "Тверская область",
    "CODE_FNS": "69",
    "CODE_OKATO": "28"
  }
},
{
  "startdate": "17.05.+292275056",
  "startversion": 27508,
  "created": "2023-02-10T18:15:16",
  "code": "70",
  "name": "70",
  "data": {
    "FED": "7",
    "ID": 70,
    "STATUS": "Область",
    "OKATO_5": "69000",
    "SUBJECT": "Томская область",
    "SYNONYM": "Томская область",
    "CODE_FNS": "70",
    "CODE_OKATO": "69"
  }
},
{
  "startdate": "17.05.+292275056",
  "startversion": 27508,
  "created": "2023-02-10T18:15:16",
  "code": "71",
  "name": "71",
  "data": {
    "FED": "1",
    "ID": 71,
    "STATUS": "Область",
    "OKATO_5": "70000",
    "SUBJECT": "Тульская область",
    "SYNONYM": "Тульская область",
    "CODE_FNS": "71",
    "CODE_OKATO": "70"
  }
},
{
  "startdate": "17.05.+292275056",
  "startversion": 27508,
  "created": "2023-02-10T18:15:16",
  "code": "72",
  "name": "72",
  "data": {
    "FED": "4",
    "ID": 72,
    "STATUS": "Область",
    "OKATO_5": "71000",
    "SUBJECT": "Тюменская область",
    "SYNONYM": "Тюменская область",
    "CODE_FNS": "72",
    "CODE_OKATO": "71"
  }
},
{
  "startdate": "17.05.+292275056",
  "startversion": 27508,
  "created": "2023-02-10T18:15:16",
  "code": "73",
  "name": "73",
  "data": {
    "FED": "3",
    "ID": 73,
    "STATUS": "Область",
    "OKATO_5": "73000",
    "SUBJECT": "Ульяновская область",
    "SYNONYM": "Ульяновская область",
    "CODE_FNS": "73",
    "CODE_OKATO": "73"
  }
},
{
  "startdate": "17.05.+292275056",
  "startversion": 27508,
  "created": "2023-02-10T18:15:16",
  "code": "74",
  "name": "74",
  "data": {
    "FED": "4",
    "ID": 74,
    "STATUS": "Область",
    "OKATO_5": "75000",
    "SUBJECT": "Челябинская область",
    "SYNONYM": "Челябинская область",
    "CODE_FNS": "74",
    "CODE_OKATO": "75"
  }
},
{
  "startdate": "17.05.+292275056",
  "startversion": 27508,
  "created": "2023-02-10T18:15:16",
  "code": "75",
  "name": "75",
  "data": {
    "FED": "8",
    "ID": 75,
    "STATUS": "Край",
    "OKATO_5": "76000",
    "SUBJECT": "Забайкальский край",
    "SYNONYM": "Забайкальский край",
    "CODE_FNS": "75",
    "CODE_OKATO": "76"
  }
},
{
  "startdate": "17.05.+292275056",
  "startversion": 27508,
  "created": "2023-02-10T18:15:16",
  "code": "76",
  "name": "76",
  "data": {
    "FED": "1",
    "ID": 76,
    "STATUS": "Область",
    "OKATO_5": "78000",
    "SUBJECT": "Ярославская область",
    "SYNONYM": "Ярославская область",
    "CODE_FNS": "76",
    "CODE_OKATO": "78"
  }
},
{
  "startdate": "17.05.+292275056",
  "startversion": 27508,
  "created": "2023-02-10T18:15:16",
  "code": "77",
  "name": "77",
  "data": {
    "FED": "1",
    "ID": 77,
    "STATUS": "Город федерального значения",
    "OKATO_5": "45000",
    "SUBJECT": "г. Москва",
    "SYNONYM": "г. Москва",
    "CODE_FNS": "77",
    "CODE_OKATO": "45"
  }
},
{
  "startdate": "17.05.+292275056",
  "startversion": 27508,
  "created": "2023-02-10T18:15:16",
  "code": "78",
  "name": "78",
  "data": {
    "FED": "2",
    "ID": 78,
    "STATUS": "Город федерального значения",
    "OKATO_5": "40000",
    "SUBJECT": "г. Санкт-Петербург",
    "SYNONYM": "г. Санкт-Петербург",
    "CODE_FNS": "78",
    "CODE_OKATO": "40"
  }
},
{
  "startdate": "17.05.+292275056",
  "startversion": 27508,
  "created": "2023-02-10T18:15:16",
  "code": "79",
  "name": "79",
  "data": {
    "FED": "8",
    "ID": 79,
    "STATUS": "Автономная область",
    "OKATO_5": "99000",
    "SUBJECT": "Еврейская автономная область",
    "SYNONYM": "Еврейская автономная область",
    "CODE_FNS": "79",
    "CODE_OKATO": "99"
  }
},
{
  "startdate": "17.05.+292275056",
  "startversion": 27508,
  "created": "2023-02-10T18:15:16",
  "code": "87",
  "name": "87",
  "data": {
    "FED": "8",
    "ID": 87,
    "STATUS": "Автономный округ",
    "OKATO_5": "77000",
    "SUBJECT": "Чукотский автономный округ",
    "SYNONYM": "Чукотский автономный округ",
    "CODE_FNS": "87",
    "CODE_OKATO": "77"
  }
},
{
  "startdate": "17.05.+292275056",
  "startversion": 27508,
  "created": "2023-02-10T18:15:16",
  "code": "91",
  "name": "91",
  "data": {
    "FED": "6",
    "ID": 91,
    "STATUS": "Республика",
    "OKATO_5": "35000",
    "SUBJECT": "Республика Крым",
    "SYNONYM": "Республика Крым",
    "CODE_FNS": "91",
    "CODE_OKATO": "35"
  }
},
{
  "startdate": "17.05.+292275056",
  "startversion": 27508,
  "created": "2023-02-10T18:15:16",
  "code": "92",
  "name": "92",
  "data": {
    "FED": "6",
    "ID": 92,
    "STATUS": "Город федерального значения",
    "OKATO_5": "67000",
    "SUBJECT": "г. Севастополь",
    "SYNONYM": "г. Севастополь",
    "CODE_FNS": "92",
    "CODE_OKATO": "67"
  }
},
{
  "startdate": "17.05.+292275056",
  "startversion": 27508,
  "created": "2023-02-10T18:15:16",
  "code": "99",
  "name": "99",
  "data": {
    "ID": 99,
    "STATUS": "Наделён статусом, соответствующим городу федерального значения РФ, но не является субъектом РФ",
    "OKATO_5": "55000",
    "SUBJECT": "г. Байконур",
    "SYNONYM": "г. Байконур",
    "CODE_FNS": "99",
    "CODE_OKATO": "55"
  }
},
{
  "startdate": "17.05.+292275056",
  "startversion": 27509,
  "created": "2023-02-10T18:15:17",
  "code": "83",
  "name": "83",
  "data": {
    "FED": "2",
    "ID": 83,
    "STATUS": "Автономный округ",
    "OKATO_5": "11100",
    "SUBJECT": "Ненецкий автономный округ",
    "SYNONYM": "Ненецкий автономный округ",
    "CODE_FNS": "83",
    "CODE_OKATO": "11"
  }
},
{
  "startdate": "17.05.+292275056",
  "startversion": 27509,
  "created": "2023-02-10T18:15:17",
  "code": "86",
  "name": "86",
  "data": {
    "FED": "4",
    "ID": 86,
    "STATUS": "Автономный округ",
    "OKATO_5": "71100",
    "SUBJECT": "Ханты-Мансийский автономный округ - Югра",
    "SYNONYM": "Ханты-Мансийский автономный округ; Югра",
    "CODE_FNS": "86",
    "CODE_OKATO": "71"
  }
},
{
  "startdate": "17.05.+292275056",
  "startversion": 27509,
  "created": "2023-02-10T18:15:17",
  "code": "89",
  "name": "89",
  "data": {
    "FED": "4",
    "ID": 89,
    "STATUS": "Автономный округ",
    "OKATO_5": "71140",
    "SUBJECT": "Ямало-Ненецкий автономный округ",
    "SYNONYM": "Ямало-Ненецкий автономный округ",
    "CODE_FNS": "89",
    "CODE_OKATO": "71"
  }
}]
}